{
    "A0": {
        "scales": [
            0.0007565829067027747
        ]
    },
    "A1": {
        "scales": [
            0.000691801785346727
        ]
    },
    "A2": {
        "scales": [
            0.0006431384566981441
        ]
    },
    "A3": {
        "scales": [
            0.0006401909774450355
        ]
    },
    "A4": {
        "scales": [
            0.0006455815682153344
        ]
    },
    "A5": {
        "scales": [
            0.0007124611634288666
        ]
    },
    "A6": {
        "scales": [
            0.0006468106518953974
        ]
    },
    "B0": {
        "scales": [
            0.0006995548763782947
        ]
    },
    "B1": {
        "scales": [
            0.0006431933471754109
        ]
    },
    "B2": {
        "scales": [
            0.0006421256229105236
        ]
    },
    "B3": {
        "scales": [
            0.0008222815539989186
        ]
    },
    "B4": {
        "scales": [
            0.0006406390372718925
        ]
    },
    "B5": {
        "scales": [
            0.0007088297207776674
        ]
    },
    "B6": {
        "scales": [
            0.0006972229359037064
        ]
    },
    "C0": {
        "scales": [
            0.0006656605231201875
        ]
    },
    "C1": {
        "scales": [
            0.0009698274013274496
        ]
    },
    "C2": {
        "scales": [
            0.000647723251869687
        ]
    },
    "C3": {
        "scales": [
            0.0006663473495144932
        ]
    },
    "C4": {
        "scales": [
            0.00071206561384605
        ]
    },
    "C5": {
        "scales": [
            0.0006457227263863982
        ]
    },
    "C6": {
        "scales": [
            0.0007122741997604684
        ]
    },
    "D0": {
        "scales": [
            0.0006407691183146099
        ]
    },
    "D1": {
        "scales": [
            0.0006661247433225637
        ]
    },
    "D2": {
        "scales": [
            0.0006413000903933374
        ]
    },
    "D3": {
        "scales": [
            0.0006437472236121188
        ]
    },
    "D4": {
        "scales": [
            0.0006447817866806177
        ]
    },
    "D5": {
        "scales": [
            0.0006534345710082836
        ]
    },
    "D6": {
        "scales": [
            0.0006814512309016211
        ]
    },
    "E0": {
        "scales": [
            0.0011860294194143942
        ]
    },
    "E1": {
        "scales": [
            0.0006500215046800636
        ]
    },
    "E2": {
        "scales": [
            0.0006408513244791959
        ]
    },
    "E3": {
        "scales": [
            0.0006436925062522183
        ]
    },
    "E4": {
        "scales": [
            0.000802140128735401
        ]
    },
    "E5": {
        "scales": [
            0.0006973546705342813
        ]
    },
    "E6": {
        "scales": [
            0.0007217818109082708
        ]
    },
    "F0": {
        "scales": [
            0.0032497071121376743
        ]
    },
    "F1": {
        "scales": [
            0.0007074448974760777
        ]
    },
    "F2": {
        "scales": [
            0.001030193380277173
        ]
    },
    "F3": {
        "scales": [
            0.000646622638987687
        ]
    },
    "F4": {
        "scales": [
            0.000644512285408009
        ]
    },
    "F5": {
        "scales": [
            0.0008106445478598048
        ]
    },
    "F6": {
        "scales": [
            0.0010250135679121676
        ]
    },
    "G0": {
        "scales": [
            0.001387366998461524
        ]
    },
    "G1": {
        "scales": [
            0.0008566213872110808
        ]
    },
    "G2": {
        "scales": [
            0.002553504808456989
        ]
    },
    "G3": {
        "scales": [
            0.0018118093159463847
        ]
    },
    "G4": {
        "scales": [
            0.002252382521869714
        ]
    },
    "G5": {
        "scales": [
            0.0010434924705014718
        ]
    },
    "G6": {
        "scales": [
            0.0017531387193473042
        ]
    }
}